ID,First Name,Last Name,Phone,Street Address,City,State,Zipcode,Latitude,Longitude,Req Date,Territory
1,NAOMI,REV,(383) 835-9398,41839 FRANTI DRIVE,GILFORD,NH,03249,43.5609,-71.3582,19-07-2016,Northeast
2,MICAH,HARVEY,(564) 618-7716,6013 ALIQUAM ST.,DAYTONA BEACH,FL,32114,29.193,-81.0533,15-02-2016,South
3,DANTE,LEVY,(636) 920-1555,2201 HASHTAG SQ.,BOSTON,MA,02108,42.3573,-71.0645,28-01-2016,Northeast
4,BRITANNEY,ADKINS,(173) 876-9722,3205 SODALES ST.,ALCALDE,NM,87511,36.0894,-105.9881,28-02-2016,Southwest
5,ASHELY,TODD,(189) 609-1799,7552 DICTUM AVE.,CHICAGO,IL,60602,41.8832,-87.6273,25-12-2015,Midwest
6,WALKER,ALSTON,(543) 854-5444,2836 MALESUADA ST.,BLANDON,PA,19510,40.4509,-75.8794,24-02-2016,Northeast
7,GEORGIA,COLLIER,(309) 214-5590,3651 SEMPER AVE.,BOONVILLE,NY,13309,43.4774,-75.3245,23-01-2016,Northeast
8,SACHA,REILLY,(414) 732-8258,6091 NORTH AVE.,EDEN MILLS,VT,05653,44.7028,-72.4902,15-02-2016,Northeast
9,KEELY,LYNCH,(795) 535-6170,5527 LOREM ST.,IRVINGTON,NJ,07111,40.7259,-74.2322,06-01-2016,Northeast
10,LATIFAH,ROCHA,(608) 243-4301,2451 AMET AVE.,GRENADA,MS,38901,33.7798,-89.7827,16-01-2016,South
11,RAYMOND,AGUILAR,(663) 603-3494,6527 CUMBERLAND ST.,HEMINGFORD,NE,69348,42.3674,-103.2091,20-12-2015,Midwest
12,CHANTALE,QUINN,(759) 799-8054,2566 COMMODORE AVE.,BUCHANAN,GA,30113,33.8489,-85.1961,27-12-2015,South
13,CHLOE,CASH,(799) 433-6502,41839 NOPARKING STREET,GRANITEVILLE,VT,05654,44.1473,-72.479,20-02-2016,Northeast
14,WHILEMINA,BLEVINS,(682) 534-2511,1572 QUIS RD.,STARTUP,WA,98293,47.8681,-121.7395,15-01-2016,Northwest
15,RONAN,HAYDEN,(781) 673-2800,627-8645 SAGITTIS RD.,CRANSTON,RI,02920,41.7685,-71.4685,23-12-2015,Northeast
16,OLEG,BALLARD,(697) 243-0509,9024 NULLA AVE.,HOLTSVILLE,NY,00501,40.8154,-73.0456,08-01-2016,Northeast
17,CHANTALE,WEBER,(306) 622-6596,1988 PELLENTESQUE ST.,ROARING SPRINGS,TX,79256,33.8988,-100.7796,19-02-2016,South
18,OWEN,CHANEY,(572) 246-4184,1541 MICHIGAN RD.,MARION,PA,17235,39.8588,-77.6992,07-01-2016,Northeast
19,YOKO,RICHMOND,(504) 843-3770,3717 QUISQUE AVE.,ALTADENA,CA,91001,34.1963,-118.1356,12-02-2016,Southwest
20,JOLENE,SEARS,(858) 466-7817,4366 AMET ST.,MC INDOE FALLS,VT,05050,44.2588,-72.0585,15-12-2015,Northeast
21,GRIFFITH,LAWRENCE,(804) 309-8173,9358 EUCLID ST.,LAWSONVILLE,NC,27022,36.5033,-80.2114,31-12-2015,South
22,SADE,ORTEGA,(818) 849-3074,8642 IPSUM ST.,VENTURA,CA,93004,34.2793,-119.163,13-01-2016,Southwest
23,GERMAINE,DRAKE,(201) 380-0192,1258 SOLITUDE AVE.,LEMASTERS,PA,17231,39.8612,-77.8598,06-12-2015,Northeast
24,MAXWELL,MCFARLAND,(727) 370-4214,5574 NEQUE RD.,LURGAN,PA,17232,40.1092,-77.6428,24-01-2016,Northeast
25,JIN,ROMERO,(219) 580-4366,260-3711 ENIM AVE.,MC CONNELLSBURG,PA,17233,39.9507,-77.9895,13-12-2015,Northeast
26,GARRETT,SERRANO,(721) 346-8780,7203 QUIS ROAD,MARION,PA,17235,39.8588,-77.6992,07-02-2016,Northeast
27,CLARK,HENDRICKS,(758) 586-7504,3389 EGESTAS ST.,WINSTON SALEM,NC,27198,36.1003,-80.2498,04-01-2016,South
28,MAITE,BYRD,(676) 920-3059,667 PENATIBUS ROAD,WINSTON SALEM,NC,27199,36.0987,-80.2508,17-12-2015,South
29,AUTUMN,BURT,(114) 772-7285,779 VULTURE AVE.,ALAMANCE,NC,27201,36.0351,-79.4863,21-01-2016,South
30,KARLEIGH,BERNARD,(801) 604-0252,9261 MAIN STREET,ALTAMAHAW,NC,27202,36.1853,-79.5057,25-01-2016,South
31,DEAN,PIERCE,(616) 666-2560,2416 PLACEMAN AVE.,ASHEBORO,NC,27203,35.737,-79.7704,15-12-2015,South
32,WING,ROLLINS,(112) 637-9530,2198 EAST AVE.,LAMBSBURG,VA,24351,36.5887,-80.7715,11-02-2016,South
33,HERMAN,FERNANDEZ,(652) 512-4736,8080 GRAVIDA AVE.,LAUREL FORK,VA,24352,36.7131,-80.5381,26-01-2016,South
34,JONAS,CERVANTES,(478) 660-5141,9027 URBAN RD.,MARION,VA,24354,36.8125,-81.5695,27-12-2015,South
35,LEROY,ERICKSON,(235) 197-6304,2762 BUSS AVE.,GAITHERSBURG,MD,20885,39.1434,-77.2018,26-12-2015,Northeast
36,MELINDA,HOUSTON,(444) 207-9492,6606 INTEGER ST.,MONTGOMERY VILLAGE,MD,20886,39.1751,-77.1868,26-01-2016,Northeast
37,RHEA,BENSON,(472) 304-1275,498 BROWN STREET,BETHESDA,MD,20889,38.9808,-77.1006,15-02-2016,Northeast
38,GERALDINE,DAVIDSON,(250) 101-1858,4370 TINCIDUNT AVE.,KENSINGTON,MD,20891,39.0257,-77.0768,20-02-2016,Northeast
39,COLTON,COMPTON,(107) 300-7719,2718 NISL ST.,BETHESDA,MD,20892,39.0003,-77.1056,04-01-2016,Northeast
40,ALI,BERNARD,(561) 710-8249,2319 SECOND ST.,ARLINGTON,VA,22210,38.8804,-77.1119,10-02-2016,South
41,AARON,GARNER,(885) 876-5622,833 OHIO AVE.,FORT MYER,VA,22211,38.877,-77.0709,06-01-2016,South
42,DACEY,PENA,(919) 844-6935,6423 TELLUS ST.,ARLINGTON,VA,22212,38.8675,-77.1035,10-02-2016,South
43,HALLA,STEIN,(978) 817-0762,2156 SUSPENDISSE RD.,FALLING WATERS,WV,25419,39.5749,-77.8873,08-02-2016,Northeast
44,HENRY,PETERSON,(950) 793-2920,1465 MOLLIS ST.,BAKERTON,WV,25410,39.3623,-77.7627,09-02-2016,Northeast
45,CRUZ,GOFF,(506) 657-8664,993-6177 MAGNA ROAD,BERKELEY SPRINGS,WV,25411,39.5436,-78.2091,24-02-2016,Northeast
46,DAVID,MIRANDA,(788) 268-8538,984 TINCIDUNT AVE.,SMOAKS,SC,29481,33.1176,-80.8058,01-12-2015,South
47,MCKENZIE,BURGESS,(792) 830-4872,4848 LACUS AVE.,SULLIVANS ISLAND,SC,29482,32.7646,-79.8396,23-01-2016,South
48,IRMA,SARGENT,(503) 683-9506,3660 WILSON STREET,SUMMERVILLE,SC,29483,33.0964,-80.1953,12-01-2016,South
49,OLGA,BOYLE,(846) 514-5886,4389 WONDERLAND RD.,WILLIAMS,SC,29493,33.0389,-80.8385,26-02-2016,South
50,MALIK,CABRERA,(523) 654-6421,2437 GRAVIDA AVE.,FLORENCE,SC,29501,34.2134,-79.8206,11-12-2015,South
51,JAMESON,SILVA,(354) 950-3855,9216 EUISMOD STREET,LAWRENCEVILLE,GA,30049,33.9563,-83.9881,21-01-2016,South
52,TAD,BALLARD,(586) 879-7133,6632 NOON ST.,LOGANVILLE,GA,30052,33.8094,-83.8893,27-12-2015,South
53,NOELLE,DUNLAP,(404) 580-7292,5831 MILLION RD.,OXFORD,GA,30054,33.6795,-83.874,11-02-2016,South
54,WANG,STUART,(774) 869-2232,762 MILK STREET,MANSFIELD,GA,30055,33.5031,-83.738,18-02-2016,South
55,MARGARET,SLATER,(716) 867-8846,5118 VEHICULA STREET,NEWBORN,GA,30056,33.4841,-83.6451,07-02-2016,South
56,LUNEA,PETERS,(159) 488-5646,1753 ENAMEL STREET,LITHONIA,GA,30058,33.7412,-84.0976,12-02-2016,South
57,KIMBERLY,ROACH,(620) 778-7882,7383 INTERDUM ST.,MARIETTA,GA,30060,33.9271,-84.5411,01-01-2016,South
58,AUGUST,HARVEY,(863) 353-9891,8070 PROIN AVE.,CRESCENT CITY,FL,32112,29.4154,-81.6048,19-02-2016,South
59,ORI,MYERS,(651) 955-7705,8999 ZUE ROAD,CITRA,FL,32113,29.4076,-82.1107,08-12-2015,South
60,QUAIL,RODGERS,(695) 270-0516,8767 VITAE STREET,DAYTONA BEACH,FL,32114,29.193,-81.0533,12-01-2016,South
61,IDONA,WILLIAMS,(354) 142-5375,853 NUNCA AVE.,TUSCALOOSA,AL,35407,33.2502,-87.5501,31-01-2016,South
62,CHRISTINE,RASMUSSEN,(813) 797-4600,5766 EGESTAS ST.,ABERNANT,AL,35440,33.2906,-87.1981,23-02-2016,South
63,BRENNA,BURGESS,(309) 353-0911,3969 JUNIPER AVE.,NEON,KY,41840,37.2019,-82.704,11-12-2015,South
64,BRYNN,HINTON,(828) 642-4654,8239 BANDIT AVE.,PINE TOP,KY,41843,37.2758,-82.8549,14-02-2016,South
65,AYANNA,WILLIAMSON,(867) 677-7450,6016 CONSECTETUER ST.,PIPPA PASSES,KY,41844,37.3365,-82.8535,13-01-2016,South
66,BRENT,BLACK,(167) 468-9065,353 RISUS STREET,WILLIAMSPORT,IN,47993,40.2935,-87.4015,04-12-2015,Midwest
67,ATHENA,BUCKLEY,(788) 470-9516,4650 ALTERNATE WAY,WINGATE,IN,47994,40.1662,-87.055,01-01-2016,Midwest
68,MARY,WILKERSON,(160) 186-8736,6586 FACILE AVE.,WOLCOTT,IN,47995,40.7579,-87.0074,31-12-2015,Midwest
69,NOBLE,EATON,(786) 879-3690,2759 PRESENT ST.,WEST LAFAYETTE,IN,47996,40.4167,-86.8751,05-02-2016,Midwest
70,LUCIUS,MCNEIL,(975) 387-7055,1366 ACCUMSAN ST.,YEOMAN,IN,47997,40.6711,-86.7206,01-03-2016,Midwest
71,DEBORAH,BERRY,(927) 540-3200,5604 LUCTUS STREET,ALGONAC,MI,48001,42.6352,-82.5825,11-02-2016,Midwest
72,ALADDIN,BELL,(458) 527-5885,5357 NONUMMY RD.,PLATTEVILLE,WI,53818,42.7422,-90.4928,15-12-2015,Midwest
73,ETHAN,ROBINSON,(113) 262-4588,3475 NETUS RD.,POTOSI,WI,53820,42.6722,-90.7262,03-12-2015,Midwest
74,CECILIA,COX,(665) 401-4325,8386 QUEEN ROAD,PRAIRIE DU CHIEN,WI,53821,43.0103,-91.041,14-02-2016,Midwest
75,PRICE,MORALES,(739) 167-4430,1662 PURE AVE.,ARMADA,MI,48005,42.8492,-82.9234,02-01-2016,Midwest
76,HAMISH,PRINCE,(882) 721-8981,6865 ACCUMSAN AVE.,AVOCA,MI,48006,43.0739,-82.6963,12-02-2016,Midwest
77,CYRUS,BARLOW,(997) 615-6114,5902 EUISMOD ROAD,TROY,MI,48007,42.6058,-83.1502,28-12-2015,Midwest
78,CALEB,HUGHES,(727) 245-7747,668 SECOND ST.,BIRMINGHAM,MI,48009,42.5458,-83.2155,25-01-2016,Midwest
79,ALANA,CRUZ,(323) 743-0418,4017 SEED AVE.,PINE CITY,MN,55063,45.8242,-92.9143,15-12-2015,Midwest
80,TANYA,SANDOVAL,(646) 743-0653,3535 ACCENT STREET,RANDOLPH,MN,55065,44.5438,-93.0203,26-01-2016,Midwest
81,ECHO,INGRAM,(799) 653-4880,7032 SOUTH CANAL ROAD,RED WING,MN,55066,44.5274,-92.5228,23-01-2016,Midwest
82,TARA,FRANKLIN,(693) 113-4331,6697 EGRET STREET,ROCK CREEK,MN,55067,45.7518,-92.909,29-12-2015,Midwest
83,NICHOLE,KIRKLAND,(990) 412-0289,3920 CURABITUR AVE.,FULTON,SD,57340,43.7619,-97.8684,16-12-2015,Midwest
84,HARRIET,MALONE,(538) 639-6085,1597 SAPIEN ST.,GANN VALLEY,SD,57341,44.0653,-99.1075,25-12-2015,Midwest
85,CARTER,CARRILLO,(700) 673-1185,9007 PORCH RD.,HENSEL,ND,58241,48.7029,-97.6986,21-12-2015,Midwest
86,SCARLETT,PATTERSON,(143) 214-4892,6596 TEMPOR ST.,HOOPLE,ND,58243,48.5214,-97.6662,17-02-2016,Midwest
87,YVONNE,ROGERS,(771) 440-2812,8892 TELEGRAPH RD.,INKSTER,ND,58244,48.1151,-97.6332,16-02-2016,Midwest
88,CORA,SHAFFER,(285) 433-0608,6659 FEUGIAT ROAD,BRIDGER,MT,59014,45.2783,-108.6531,01-02-2016,Northwest
89,ZANE,VANCE,(211) 320-1920,7036 LIBRARY RD.,HARRISON,ME,04040,44.0902,-70.6628,24-01-2016,Northeast
90,THADDEUS,LONG,(168) 512-4445,6464 DONEC AVE.,BUSBY,MT,59016,45.4423,-107.0494,23-01-2016,Northwest
91,RAPHAEL,STEVENS,(221) 704-6746,5474 CALLE 44,FOX LAKE,IL,60020,42.3867,-88.1695,29-12-2015,Midwest
92,AMY,WEBER,(461) 307-4296,2943 QUIS AVE.,MAPLE PARK,IL,60151,41.9153,-88.5702,11-12-2015,Midwest
93,CRUZ,VARGAS,(650) 726-6513,8059 DOGLEG ROAD,COOKE CITY,MT,59020,45.0872,-109.9056,19-02-2016,Northwest
94,HEDDA,HOOD,(602) 553-9695,3812 UTE AVE.,CROW AGENCY,MT,59022,45.6434,-107.5431,23-12-2015,Northwest
95,FLETCHER,JUSTICE,(689) 180-2638,255 PRIMIS RD.,CRYSTAL LAKE,IL,60014,42.2349,-88.3067,12-02-2016,Midwest
96,YOKO,ALSTON,(295) 104-2501,5366 PARTURIENT ST.,DEERFIELD,IL,60015,42.1761,-87.8803,16-12-2015,Midwest
97,MATTHEW,TURNER,(686) 673-3445,3800 NULLAM AVE.,DES PLAINES,IL,60016,42.0526,-87.8905,17-02-2016,Midwest
98,ALADDIN,HOPPER,(159) 395-8617,1222 MAGNIS AVE.,GRANT CITY,MO,64456,40.5212,-94.3462,03-02-2016,South
99,BERTHA,PATE,(278) 224-1356,5759 PALLADIUM AVE.,GUILFORD,MO,64457,40.1646,-94.6766,04-12-2015,South
100,ALEXANDRA,FAULKNER,(645) 959-6914,3940 DONEC STREET,HATFIELD,MO,64458,40.5218,-94.1419,12-01-2016,South
101,SERINA,BONNER,(124) 702-0984,4486 EUNICE AVE.,HELENA,MO,64459,39.9291,-94.6547,05-12-2015,South
102,VLADIMIR,MALONE,(369) 305-0371,6685 THIRD AVE.,MULBERRY,KS,66756,37.5449,-94.6516,04-02-2016,Midwest
103,TATE,MCMAHON,(653) 241-9022,7197 ARBOR VITAE ST.,NEODESHA,KS,66757,37.428,-95.6343,30-12-2015,Midwest
104,ARMANDO,HORNE,(149) 380-3269,7676 WENDY AVE.,NEOSHO FALLS,KS,66758,38.0025,-95.6107,12-02-2016,Midwest
105,SHAY,WILKERSON,(111) 778-3187,5153 TURNIP ST.,NEW ALBANY,KS,66759,37.5455,-95.9159,05-02-2016,Midwest
106,RENEE,KEITH,(583) 888-8580,5689 INTERDUM RD.,LINCOLN,NE,68526,40.7335,-96.5829,10-12-2015,Midwest
107,URIAH,HARMON,(119) 555-4589,2190 AC ST.,LINCOLN,NE,68527,40.8492,-96.5254,17-12-2015,Midwest
108,MIRIAM,ROY,(243) 523-0550,9687 FAUCIBUS RD.,AVERY ISLAND,LA,70513,29.8979,-91.9062,05-12-2015,South
109,PAUL,SHARP,(141) 916-4689,3511 E STREET,BREAUX BRIDGE,LA,70517,30.2853,-91.8278,26-12-2015,South
110,VIRGINIA,HARMON,(941) 952-7822,5601 SUSPENSION ST.,NATCHITOCHES,LA,71497,31.7609,-93.0861,06-12-2015,South
111,IMANI,JEFFERSON,(444) 884-4239,674-1385 PELLENTESQUE ROAD,PINE BLUFF,AR,71601,34.1969,-91.9049,19-01-2016,South
112,STEWART,HAYDEN,(920) 106-5190,267 JOHNSON AVE.,WHITE HALL,AR,71602,34.2803,-92.1215,01-01-2016,South
113,BERK,HATFIELD,(880) 300-1960,3062 ENGLISH RD.,BATON ROUGE,LA,70837,30.4506,-91.1547,03-01-2016,South
114,GLENNA,FLORES,(353) 501-0299,3835 TEMPUS STREET,CHEYENNE,OK,73628,35.6464,-99.7074,20-02-2016,South
115,URIEL,HARVEY,(171) 672-0656,1204 FAMES ST.,CORDELL,OK,73632,35.2306,-98.8625,20-12-2015,South
116,CECILIA,BARRETT,(142) 206-6963,3399 CURSORS STREET,CRAWFORD,OK,73638,35.8721,-99.8066,10-12-2015,South
117,STEWART,WILEY,(620) 961-4419,3560 NIBH ROAD,LONE WOLF,OK,73655,34.9663,-99.2594,02-01-2016,South
118,TRAVIS,ALEXANDER,(621) 600-2119,391 IACULIS ST.,SULPHUR SPRINGS,TX,75483,33.1385,-95.6006,25-01-2016,South
119,ELIANA,LANDRY,(671) 601-8444,7097 QUESO RD.,WESTMINSTER,TX,75485,33.3624,-96.4635,23-02-2016,South
120,VERONICA,SHAFFER,(438) 850-6764,166 SYNAGOGUE DRIVE,SUMNER,TX,75486,33.785,-95.6886,29-12-2015,South
121,KADEN,KIRKLAND,(846) 176-0004,9651 SELMA AVE.,TALCO,TX,75487,33.3255,-95.0275,14-12-2015,South
122,RHEA,MCGEE,(843) 414-8627,8098 NISI AVE.,TELEPHONE,TX,75488,33.8098,-96.0162,12-12-2015,South
123,SHELBY,STANTON,(700) 308-1469,4011 LECTUS AVE.,TEXARKANA,TX,75501,33.3672,-94.2356,02-02-2016,South
124,NICHOLAS,NEAL,(254) 882-3194,4290 MAURIS STREET,NACOGDOCHES,TX,75963,31.6033,-94.6555,30-11-2015,South
125,MARTENA,HEBERT,(966) 942-6041,6836 GRAVIDA STREET,FORT WORTH,TX,76101,32.7254,-97.3208,07-02-2016,South
126,NEREA,CASE,(698) 655-5552,912 CHURCH RD.,WOODY CREEK,CO,81656,39.3016,-106.8226,10-02-2016,Southwest
127,TYRONE,DURAN,(470) 777-0130,5375 AUCTOR AVE.,VAIL,CO,81657,39.5685,-106.431,05-01-2016,Southwest
128,AVYE,RUSH,(488) 601-6954,3601 IMPERDIET STREET,FISH HAVEN,ID,83287,42.058,-111.4551,05-01-2016,Northwest
129,AMY,HEAD,(393) 748-6024,5658 ALIQUET AVE.,TWIN FALLS,ID,83301,42.314,-114.6595,13-12-2015,Northwest
130,NATALIE,YATES,(527) 827-6705,3935 SCHOOL AVE.,CHEYENNE,WY,82002,41.1335,-104.8169,12-12-2015,Northwest
131,CLAIRE,STUART,(986) 487-5227,7232 LEO ST.,CHEYENNE,WY,82003,41.1335,-104.8169,06-01-2016,Northwest
132,ODETTE,RAY,(839) 730-1571,1355 ALIVE STREET,FE WARREN AFB,WY,82005,41.1666,-104.8626,29-01-2016,Northwest
133,KYLA,HENSON,(259) 434-6139,3285 NAME ST.,WEST JORDAN,UT,84081,40.5994,-112.0417,31-01-2016,Southwest
134,TATYANA,HOUSTON,(137) 882-6042,4522 RUST AVE.,WALLSBURG,UT,84082,40.4015,-111.4617,17-02-2016,Southwest
135,SOLOMON,HAYNES,(797) 117-8572,3417 RESERVIOR RD.,SCOTTSDALE,AZ,85262,33.8554,-111.6261,27-02-2016,Southwest
136,WARREN,LOWE,(856) 653-6805,19 PEACH STREET,RIO VERDE,AZ,85263,33.7464,-111.6796,08-02-2016,Southwest
137,ASTRA,DUKE,(496) 677-2947,934 MORRIS RD.,FORT MCDOWELL,AZ,85264,33.613,-111.3744,08-02-2016,Southwest
138,YEO,ESPINOZA,(204) 777-6816,211 A AVE.,SURPRISE,AZ,85387,33.7253,-112.4589,18-12-2015,Southwest
139,LYDIA,PEARSON,(187) 796-6187,2389 ARCU RD.,GUADALUPITA,NM,87722,36.1083,-105.1233,29-12-2015,Southwest
140,JASMINE,TILLMAN,(648) 618-4592,3045 SAPIENT RD.,SAINT LOUIS,MO,63112,38.6609,-90.2821,03-02-2016,South
141,RUBY,ADAMS,(764) 487-2046,7657 TORTOR ST.,LA LOMA,NM,87724,35.1917,-105.0814,24-12-2015,Southwest
142,IGOR,NIXON,(624) 618-0448,6970 ESTA AVE.,MAXWELL,NM,87728,36.5459,-104.6294,02-01-2016,Southwest
143,ALLEN,CARR,(643) 416-2825,1695 SOCIIS AVE.,LATHAM,MO,65050,38.5455,-92.6834,02-12-2015,South
144,CHARITY,MCCARTHY,(243) 362-5791,517 VINELAND ROAD,MILLS,NM,87730,36.1243,-104.2865,30-11-2015,Southwest
145,COLBY,FREDERICK,(132) 867-7992,5093 EU STREET,MONTEZUMA,NM,87731,35.6644,-105.4216,01-12-2015,Southwest
146,MEDGE,JOYNER,(924) 269-3864,7175 WESTERN AVE.,EL PASO,TX,88595,31.7588,-106.4866,13-01-2016,South
147,PAUL,MUNOZ,(799) 678-0073,2989 AMET AVE.,THE LAKES,NV,88901,36.04,-114.9835,20-02-2016,Southwest
148,BEATRICE,RICHARD,(264) 553-7006,7383 ZIPPER RD.,BLUE DIAMOND,NV,89004,36.0378,-115.4059,12-01-2016,Southwest
149,LEN,BOWMAN,(945) 146-8274,9937 ULTRICIES STREET,BOULDER CITY,NV,89005,35.9282,-114.8327,19-02-2016,Southwest
150,ALMA,OLIVER,(665) 616-9953,1406 ID RD.,BUENA PARK,CA,90624,33.8677,-117.9974,24-02-2016,Southwest
151,BYRON,SYKES,(218) 835-9396,1302 ARCU RD.,CYPRESS,CA,90630,33.8189,-118.037,29-12-2015,Southwest
152,CANDACE,PAYNE,(756) 738-6197,7185 NADIE AVE.,LA HABRA,CA,90631,33.9393,-117.9559,27-12-2015,Southwest
153,KNOX,GARRISON,(698) 251-6391,3100 MESA VERDE RD.,ARCADIA,CA,91077,34.1398,-118.0346,17-12-2015,Southwest
154,SHANA,BRIGGS,(786) 391-0089,6280 AUCTOR ST.,PASADENA,CA,91101,34.1468,-118.1382,17-01-2016,Southwest
155,BO,ROACH,(971) 733-0608,4903 ORNARE ROAD,SAN DIEGO,CA,92199,32.9816,-117.083,17-02-2016,Southwest
156,SYLVIA,FULLER,(981) 788-0790,4472 W. ANTE ROAD,INDIO,CA,92201,33.7034,-116.2292,26-01-2016,Southwest
157,LANI,LLOYD,(436) 710-6194,7777 EGRESS STREET,SAN JOSE,CA,95117,37.3127,-121.9658,22-02-2016,Southwest
158,BRENDA,ROSALES,(311) 900-3446,1473 TRIFLE DR.,RAIL ROAD FLAT,CA,95248,38.3408,-120.5162,22-02-2016,Southwest
159,XENOS,CAMPOS,(676) 547-9042,6929 SALINAS ROAD,SAN ANDREAS,CA,95249,38.1944,-120.5806,13-02-2016,Southwest
160,MARSDEN,BYERS,(180) 419-0558,9829 AUCTION STREET,VALLECITO,CA,95251,38.1019,-120.4694,12-12-2015,Southwest
161,HU,DALTON,(848) 811-7025,6467 INN ROAD,HILO,HI,96721,19.7297,-155.0901,01-03-2016,Southwest
162,KYLAN,JOSEPH,(287) 781-4598,4956 MELTDOWN ROAD,PRINCEVILLE,HI,96722,22.1494,-159.5242,27-01-2016,Southwest
163,NOELANI,BAILEY,(974) 432-8936,6337 DIS STREET,WAHIAWA,HI,96786,21.5058,-158.0233,24-01-2016,Southwest
164,OCTAVIUS,HINES,(670) 806-0968,8240 30TH STREET,PUKALANI,HI,96788,20.8364,-156.3368,08-12-2015,Southwest
165,ZENA,KELLER,(220) 674-5712,255 MILES DRIVE,HONOLULU,HI,96837,21.3069,-157.8584,01-01-2016,Southwest
166,BRIANNA,SLATER,(224) 934-4957,7700 BLIZZARD ST.,AURORA,OR,97002,45.2389,-122.8056,16-02-2016,Northwest
167,KARYN,BENDER,(673) 383-5858,8696 BOULEVARD DRIVE,BEAVERCREEK,OR,97004,45.2456,-122.4613,15-02-2016,Northwest
168,FRANCESCA,MOLINA,(593) 636-2830,6060 VESTIBULUM RD.,HAPPY VALLEY,OR,97086,45.4432,-122.5325,16-12-2015,Northwest
169,QUINLAN,BROOKS,(431) 136-1797,9445 JANICE MARIE CT.,DAMASCUS,OR,97089,45.4217,-122.4399,22-12-2015,Northwest
170,TYRONE,ERICKSON,(138) 243-3277,"P.O. BOX 113, 9244 ERAT AVE.",PORTLAND,OR,97242,45.5239,-122.6751,11-02-2016,Northwest
171,URSULA,MOON,(633) 442-9233,4361 ODIO RD.,KLAMATH FALLS,OR,97601,42.3254,-121.9366,17-01-2016,Northwest
172,AQUILA,CASTRO,(833) 575-4161,3412 S. WASHINGTON AVE.,RAVENSDALE,WA,98051,47.3567,-121.9179,29-01-2016,Northwest
173,DAMON,PALMER,(168) 717-2566,563-5184 HENDRERIT ST.,REDMOND,WA,98052,47.6805,-122.1209,27-01-2016,Northwest
174,CHARDE,MILLS,(532) 464-9456,1165 FACILISIS STREET,SNOQUALMIE PASS,WA,98068,47.4231,-121.3731,26-01-2016,Northwest
175,HILEL,PEARSON,(320) 933-0485,5261 HABITANT ST.,NINE MILE FALLS,WA,99026,47.8086,-117.62,30-11-2015,Northwest
176,UMA,WALSH,(408) 122-8801,4624 LINCOLN DRIVE,SPOKANE,WA,99256,47.6588,-117.425,18-02-2016,Northwest
177,VANNA,GILLIAM,(242) 404-8588,7776 CAESAR ST.,FAIRBANKS,AK,99790,64.8424,-147.7185,01-12-2015,Northwest
178,MADELINE,TRUJILLO,(145) 620-1526,4295 MARTIN LUTHER KING BLVD.,ATQASUK,AK,99791,70.4891,-157.3988,13-12-2015,Northwest
179,BLAZE,FLORES,(467) 546-0764,4802 SARAH STREET,JUNEAU,AK,99801,58.3801,-134.1775,26-12-2015,Northwest
180,LACY,BRIGHT,(138) 532-6263,6063 JANUS WAY,CABO ROJO,PR,00623,18.0402,-67.1466,09-01-2016,South
181,JIN,FIELDS,(156) 258-9739,5468 THEODORE PARKER BLVD.,WASHINGTON,DC,20006,38.8951,-77.0398,05-12-2015,Northeast
182,PHYLLIS,COX,(565) 141-3529,"160-3783 SEM, ROAD",THREE RIVERS,MA,01080,42.1783,-72.3705,05-12-2015,Northeast
183,JASON,GILMORE,(964) 438-6633,3886 MAURIS ROAD,WALES,MA,01081,42.0618,-72.2314,16-01-2016,Northeast
184,GABRIEL,MELENDEZ,(431) 778-5615,6738 CONDIMENTUM RD.,GLOUCESTER,MA,01930,42.631,-70.6834,26-02-2016,Northeast
185,LANCE,FRY,(999) 565-5729,1756 QUISQUE STREET,CRANSTON,RI,02921,41.7617,-71.5177,26-01-2016,Northeast
186,JARED,FLEMING,(437) 122-2821,2988 CHEROKEE AVE.,PROVIDENCE,RI,02940,41.8238,-71.4133,02-01-2016,Northeast
187,MAGEE,DAVIS,(284) 963-7060,9519 EUSTICE AVE.,EAST DERRY,NH,03041,42.8946,-71.2917,10-02-2016,Northeast
188,GILLIAN,BOOKER,(306) 895-2060,3095 SODALES RD.,EPPING,NH,03042,43.0484,-71.08,14-01-2016,Northeast
189,IMANI,GIBSON,(711) 620-0520,3629 MAIN STREET,OCEAN PARK,ME,04063,43.5007,-70.3971,09-02-2016,Northeast
190,HANAE,HINTON,(876) 592-2083,6130 FROST DRIVE,OLD ORCHARD BEACH,ME,04064,43.5232,-70.3906,22-01-2016,Northeast
191,KEELY,NICHOLSON,(744) 345-6744,2005 HOPE ST.,OLD TOWN,ME,04468,45.0182,-68.7318,18-02-2016,Northeast
192,IRA,LOPEZ,(332) 609-6071,6921 PAHL ROAD,FOREST DALE,VT,05745,43.8284,-73.0546,15-02-2016,Northeast
193,KARLEIGH,BROWN,(861) 462-2256,8398 WILSON ROAD,GAYSVILLE,VT,05746,43.7106,-72.7547,25-02-2016,Northeast
194,CLAUDIA,YOUNG,(980) 624-8934,9898 JANE ADDAMS AVENUE,DEEP RIVER,CT,06417,41.3681,-72.4532,15-01-2016,Northeast
195,WILLA,MEYERS,(159) 385-5743,340-B FOURTEENTH STREET,DERBY,CT,06418,41.3269,-73.0819,31-01-2016,Northeast
196,LANCE,FULTON,(709) 612-0026,600 BRUNSWICK AVE.,KILLINGWORTH,CT,06419,41.3732,-72.5797,12-02-2016,Northeast
197,ALANA,GOULD,(572) 206-2343,1511 NEWS ST.,HOPATCONG,NJ,07843,40.9414,-74.6649,27-01-2016,Northeast
198,NOLAN,PUGH,(315) 325-5102,5222 TELLUS STREET,BEAR MOUNTAIN,NY,10911,41.3064,-74.0009,07-01-2016,Northeast
199,LILAH,SHIELDS,(826) 447-5607,6964 VELVET ROAD,SAINT GEORGES,DE,19733,39.556,-75.6501,16-01-2016,Northeast
200,BRITTANY,POWELL,(533) 330-6985,6086 CONSEQUAT RD.,TOWNSEND,DE,19734,39.3745,-75.6401,09-01-2016,Northeast
